<?xml version="1.0" encoding="UTF-8"?>
<configuration>
	
	<springProperty scope="context" name="LOGS" source="logging.file.path" />
	<springProperty scope="context" name="AppName" source="spring.application.name" />
	<springProperty scope="context" name="maxLogFileSize" source="logging.logback.rollingpolicy.max-file-size" />
	<springProperty scope="context" name="maxlogHistory" source="logging.logback.rollingpolicy.max-history" />
	<springProperty scope="context" name="maxlogFolderSize" source="logging.logback.rollingpolicy.max-folder-size" />

	<appender name="Console" class="ch.qos.logback.core.ConsoleAppender">
		<layout class="ch.qos.logback.classic.PatternLayout">
			<Pattern>%d{yyyy-MM-dd HH:mm:ss} [%level] [%t] %c: %m%n</Pattern>
		</layout>
	</appender>

	<appender name="RollingFile" class="ch.qos.logback.core.rolling.RollingFileAppender">
		<file>${LOGS}/${hostname}_spring_logs.log</file>
		<encoder class="ch.qos.logback.classic.encoder.PatternLayoutEncoder">
			<Pattern>%d{yyyy-MM-dd HH:mm:ss} [%level] [%t] %c: %m%n</Pattern>
		</encoder>
		<rollingPolicy class="ch.qos.logback.core.rolling.SizeAndTimeBasedRollingPolicy">
			<fileNamePattern>${LOGS}/${hostname}-%d{yyyy-MM-dd}.%i.log</fileNamePattern>
			<maxFileSize>${maxLogFileSize}</maxFileSize>
			<maxHistory>${maxlogHistory}</maxHistory>
			<totalSizeCap>${maxlogFolderSize}</totalSizeCap>
		</rollingPolicy>
	</appender>

	<appender name="ASYNC" class="ch.qos.logback.classic.AsyncAppender">
		<appender-ref ref="RollingFile" />
	</appender>
	
	<root level="DEBUG">
		<appender-ref ref="Console" />
	</root>

	<root level="info" name="bell.ca.*" additivity="false">
		<appender-ref ref="ASYNC" />
		<appender-ref ref="Console" />
	</root>

</configuration>